D,m,N,theta,Re_Omega,Re_Ref_Ylm,L_eff,l_pure
0,0,0,0,0.282095,0.282095,0,0
0,0,0,0.0314159,0.282095,0.282095,0,0
0,0,0,0.0628319,0.282095,0.282095,0,0
0,0,0,0.0942478,0.282095,0.282095,0,0
0,0,0,0.125664,0.282095,0.282095,0,0
0,0,0,0.15708,0.282095,0.282095,0,0
0,0,0,0.188496,0.282095,0.282095,0,0
0,0,0,0.219911,0.282095,0.282095,0,0
0,0,0,0.251327,0.282095,0.282095,0,0
0,0,0,0.282743,0.282095,0.282095,0,0
0,0,0,0.314159,0.282095,0.282095,0,0
0,0,0,0.345575,0.282095,0.282095,0,0
0,0,0,0.376991,0.282095,0.282095,0,0
0,0,0,0.408407,0.282095,0.282095,0,0
0,0,0,0.439823,0.282095,0.282095,0,0
0,0,0,0.471239,0.282095,0.282095,0,0
0,0,0,0.502655,0.282095,0.282095,0,0
0,0,0,0.534071,0.282095,0.282095,0,0
0,0,0,0.565487,0.282095,0.282095,0,0
0,0,0,0.596903,0.282095,0.282095,0,0
0,0,0,0.628319,0.282095,0.282095,0,0
0,0,0,0.659734,0.282095,0.282095,0,0
0,0,0,0.69115,0.282095,0.282095,0,0
0,0,0,0.722566,0.282095,0.282095,0,0
0,0,0,0.753982,0.282095,0.282095,0,0
0,0,0,0.785398,0.282095,0.282095,0,0
0,0,0,0.816814,0.282095,0.282095,0,0
0,0,0,0.84823,0.282095,0.282095,0,0
0,0,0,0.879646,0.282095,0.282095,0,0
0,0,0,0.911062,0.282095,0.282095,0,0
0,0,0,0.942478,0.282095,0.282095,0,0
0,0,0,0.973894,0.282095,0.282095,0,0
0,0,0,1.00531,0.282095,0.282095,0,0
0,0,0,1.03673,0.282095,0.282095,0,0
0,0,0,1.06814,0.282095,0.282095,0,0
0,0,0,1.09956,0.282095,0.282095,0,0
0,0,0,1.13097,0.282095,0.282095,0,0
0,0,0,1.16239,0.282095,0.282095,0,0
0,0,0,1.19381,0.282095,0.282095,0,0
0,0,0,1.22522,0.282095,0.282095,0,0
0,0,0,1.25664,0.282095,0.282095,0,0
0,0,0,1.28805,0.282095,0.282095,0,0
0,0,0,1.31947,0.282095,0.282095,0,0
0,0,0,1.35088,0.282095,0.282095,0,0
0,0,0,1.3823,0.282095,0.282095,0,0
0,0,0,1.41372,0.282095,0.282095,0,0
0,0,0,1.44513,0.282095,0.282095,0,0
0,0,0,1.47655,0.282095,0.282095,0,0
0,0,0,1.50796,0.282095,0.282095,0,0
0,0,0,1.53938,0.282095,0.282095,0,0
0,0,0,1.5708,0.282095,0.282095,0,0
0,0,0,1.60221,0.282095,0.282095,0,0
0,0,0,1.63363,0.282095,0.282095,0,0
0,0,0,1.66504,0.282095,0.282095,0,0
0,0,0,1.69646,0.282095,0.282095,0,0
0,0,0,1.72788,0.282095,0.282095,0,0
0,0,0,1.75929,0.282095,0.282095,0,0
0,0,0,1.79071,0.282095,0.282095,0,0
0,0,0,1.82212,0.282095,0.282095,0,0
0,0,0,1.85354,0.282095,0.282095,0,0
0,0,0,1.88496,0.282095,0.282095,0,0
0,0,0,1.91637,0.282095,0.282095,0,0
0,0,0,1.94779,0.282095,0.282095,0,0
0,0,0,1.9792,0.282095,0.282095,0,0
0,0,0,2.01062,0.282095,0.282095,0,0
0,0,0,2.04204,0.282095,0.282095,0,0
0,0,0,2.07345,0.282095,0.282095,0,0
0,0,0,2.10487,0.282095,0.282095,0,0
0,0,0,2.13628,0.282095,0.282095,0,0
0,0,0,2.1677,0.282095,0.282095,0,0
0,0,0,2.19911,0.282095,0.282095,0,0
0,0,0,2.23053,0.282095,0.282095,0,0
0,0,0,2.26195,0.282095,0.282095,0,0
0,0,0,2.29336,0.282095,0.282095,0,0
0,0,0,2.32478,0.282095,0.282095,0,0
0,0,0,2.35619,0.282095,0.282095,0,0
0,0,0,2.38761,0.282095,0.282095,0,0
0,0,0,2.41903,0.282095,0.282095,0,0
0,0,0,2.45044,0.282095,0.282095,0,0
0,0,0,2.48186,0.282095,0.282095,0,0
0,0,0,2.51327,0.282095,0.282095,0,0
0,0,0,2.54469,0.282095,0.282095,0,0
0,0,0,2.57611,0.282095,0.282095,0,0
0,0,0,2.60752,0.282095,0.282095,0,0
0,0,0,2.63894,0.282095,0.282095,0,0
0,0,0,2.67035,0.282095,0.282095,0,0
0,0,0,2.70177,0.282095,0.282095,0,0
0,0,0,2.73319,0.282095,0.282095,0,0
0,0,0,2.7646,0.282095,0.282095,0,0
0,0,0,2.79602,0.282095,0.282095,0,0
0,0,0,2.82743,0.282095,0.282095,0,0
0,0,0,2.85885,0.282095,0.282095,0,0
0,0,0,2.89027,0.282095,0.282095,0,0
0,0,0,2.92168,0.282095,0.282095,0,0
0,0,0,2.9531,0.282095,0.282095,0,0
0,0,0,2.98451,0.282095,0.282095,0,0
0,0,0,3.01593,0.282095,0.282095,0,0
0,0,0,3.04734,0.282095,0.282095,0,0
0,0,0,3.07876,0.282095,0.282095,0,0
0,0,0,3.11018,0.282095,0.282095,0,0
0,0,0,3.14159,0.282095,0.282095,0,0
0,0,1,0,0.488603,0.488603,1,1
0,0,1,0.0314159,0.488361,0.488361,1,1
0,0,1,0.0628319,0.487638,0.487638,1,1
0,0,1,0.0942478,0.486434,0.486434,1,1
0,0,1,0.125664,0.48475,0.48475,1,1
0,0,1,0.15708,0.482587,0.482587,1,1
0,0,1,0.188496,0.479948,0.479948,1,1
0,0,1,0.219911,0.476835,0.476835,1,1
0,0,1,0.251327,0.473252,0.473252,1,1
0,0,1,0.282743,0.469202,0.469202,1,1
0,0,1,0.314159,0.464689,0.464689,1,1
0,0,1,0.345575,0.459717,0.459717,1,1
0,0,1,0.376991,0.454291,0.454291,1,1
0,0,1,0.408407,0.448417,0.448417,1,1
0,0,1,0.439823,0.442101,0.442101,1,1
0,0,1,0.471239,0.435348,0.435348,1,1
0,0,1,0.502655,0.428166,0.428166,1,1
0,0,1,0.534071,0.420561,0.420561,1,1
0,0,1,0.565487,0.412541,0.412541,1,1
0,0,1,0.596903,0.404114,0.404114,1,1
0,0,1,0.628319,0.395288,0.395288,1,1
0,0,1,0.659734,0.386072,0.386072,1,1
0,0,1,0.69115,0.376475,0.376475,1,1
0,0,1,0.722566,0.366506,0.366506,1,1
0,0,1,0.753982,0.356176,0.356176,1,1
0,0,1,0.785398,0.345494,0.345494,1,1
0,0,1,0.816814,0.334471,0.334471,1,1
0,0,1,0.84823,0.323119,0.323119,1,1
0,0,1,0.879646,0.311447,0.311447,1,1
0,0,1,0.911062,0.299468,0.299468,1,1
0,0,1,0.942478,0.287193,0.287193,1,1
0,0,1,0.973894,0.274635,0.274635,1,1
0,0,1,1.00531,0.261806,0.261806,1,1
0,0,1,1.03673,0.248719,0.248719,1,1
0,0,1,1.06814,0.235386,0.235386,1,1
0,0,1,1.09956,0.221821,0.221821,1,1
0,0,1,1.13097,0.208037,0.208037,1,1
0,0,1,1.16239,0.194047,0.194047,1,1
0,0,1,1.19381,0.179867,0.179867,1,1
0,0,1,1.22522,0.165508,0.165508,1,1
0,0,1,1.25664,0.150986,0.150986,1,1
0,0,1,1.28805,0.136316,0.136316,1,1
0,0,1,1.31947,0.121511,0.121511,1,1
0,0,1,1.35088,0.106585,0.106585,1,1
0,0,1,1.3823,0.091555,0.091555,1,1
0,0,1,1.41372,0.0764343,0.0764343,1,1
0,0,1,1.44513,0.0612381,0.0612381,1,1
0,0,1,1.47655,0.0459816,0.0459816,1,1
0,0,1,1.50796,0.0306796,0.0306796,1,1
0,0,1,1.53938,0.0153474,0.0153474,1,1
0,0,1,1.5708,2.99183e-17,2.99183e-17,1,1
0,0,1,1.60221,-0.0153474,-0.0153474,1,1
0,0,1,1.63363,-0.0306796,-0.0306796,1,1
0,0,1,1.66504,-0.0459816,-0.0459816,1,1
0,0,1,1.69646,-0.0612381,-0.0612381,1,1
0,0,1,1.72788,-0.0764343,-0.0764343,1,1
0,0,1,1.75929,-0.091555,-0.091555,1,1
0,0,1,1.79071,-0.106585,-0.106585,1,1
0,0,1,1.82212,-0.121511,-0.121511,1,1
0,0,1,1.85354,-0.136316,-0.136316,1,1
0,0,1,1.88496,-0.150986,-0.150986,1,1
0,0,1,1.91637,-0.165508,-0.165508,1,1
0,0,1,1.94779,-0.179867,-0.179867,1,1
0,0,1,1.9792,-0.194047,-0.194047,1,1
0,0,1,2.01062,-0.208037,-0.208037,1,1
0,0,1,2.04204,-0.221821,-0.221821,1,1
0,0,1,2.07345,-0.235386,-0.235386,1,1
0,0,1,2.10487,-0.248719,-0.248719,1,1
0,0,1,2.13628,-0.261806,-0.261806,1,1
0,0,1,2.1677,-0.274635,-0.274635,1,1
0,0,1,2.19911,-0.287193,-0.287193,1,1
0,0,1,2.23053,-0.299468,-0.299468,1,1
0,0,1,2.26195,-0.311447,-0.311447,1,1
0,0,1,2.29336,-0.323119,-0.323119,1,1
0,0,1,2.32478,-0.334471,-0.334471,1,1
0,0,1,2.35619,-0.345494,-0.345494,1,1
0,0,1,2.38761,-0.356176,-0.356176,1,1
0,0,1,2.41903,-0.366506,-0.366506,1,1
0,0,1,2.45044,-0.376475,-0.376475,1,1
0,0,1,2.48186,-0.386072,-0.386072,1,1
0,0,1,2.51327,-0.395288,-0.395288,1,1
0,0,1,2.54469,-0.404114,-0.404114,1,1
0,0,1,2.57611,-0.412541,-0.412541,1,1
0,0,1,2.60752,-0.420561,-0.420561,1,1
0,0,1,2.63894,-0.428166,-0.428166,1,1
0,0,1,2.67035,-0.435348,-0.435348,1,1
0,0,1,2.70177,-0.442101,-0.442101,1,1
0,0,1,2.73319,-0.448417,-0.448417,1,1
0,0,1,2.7646,-0.454291,-0.454291,1,1
0,0,1,2.79602,-0.459717,-0.459717,1,1
0,0,1,2.82743,-0.464689,-0.464689,1,1
0,0,1,2.85885,-0.469202,-0.469202,1,1
0,0,1,2.89027,-0.473252,-0.473252,1,1
0,0,1,2.92168,-0.476835,-0.476835,1,1
0,0,1,2.9531,-0.479948,-0.479948,1,1
0,0,1,2.98451,-0.482587,-0.482587,1,1
0,0,1,3.01593,-0.48475,-0.48475,1,1
0,0,1,3.04734,-0.486434,-0.486434,1,1
0,0,1,3.07876,-0.487638,-0.487638,1,1
0,0,1,3.11018,-0.488361,-0.488361,1,1
0,0,1,3.14159,-0.488603,-0.488603,1,1
0.1,0,0,0,0.310352,0.282095,-0.00669527,0
0.1,0,0,0.0314159,0.310337,0.282095,-0.00669527,0
0.1,0,0,0.0628319,0.310293,0.282095,-0.00669527,0
0.1,0,0,0.0942478,0.310219,0.282095,-0.00669527,0
0.1,0,0,0.125664,0.310116,0.282095,-0.00669527,0
0.1,0,0,0.15708,0.309983,0.282095,-0.00669527,0
0.1,0,0,0.188496,0.309821,0.282095,-0.00669527,0
0.1,0,0,0.219911,0.30963,0.282095,-0.00669527,0
0.1,0,0,0.251327,0.309411,0.282095,-0.00669527,0
0.1,0,0,0.282743,0.309162,0.282095,-0.00669527,0
0.1,0,0,0.314159,0.308886,0.282095,-0.00669527,0
0.1,0,0,0.345575,0.308582,0.282095,-0.00669527,0
0.1,0,0,0.376991,0.30825,0.282095,-0.00669527,0
0.1,0,0,0.408407,0.307891,0.282095,-0.00669527,0
0.1,0,0,0.439823,0.307506,0.282095,-0.00669527,0
0.1,0,0,0.471239,0.307094,0.282095,-0.00669527,0
0.1,0,0,0.502655,0.306656,0.282095,-0.00669527,0
0.1,0,0,0.534071,0.306193,0.282095,-0.00669527,0
0.1,0,0,0.565487,0.305705,0.282095,-0.00669527,0
0.1,0,0,0.596903,0.305193,0.282095,-0.00669527,0
0.1,0,0,0.628319,0.304658,0.282095,-0.00669527,0
0.1,0,0,0.659734,0.304099,0.282095,-0.00669527,0
0.1,0,0,0.69115,0.303518,0.282095,-0.00669527,0
0.1,0,0,0.722566,0.302916,0.282095,-0.00669527,0
0.1,0,0,0.753982,0.302292,0.282095,-0.00669527,0
0.1,0,0,0.785398,0.301648,0.282095,-0.00669527,0
0.1,0,0,0.816814,0.300985,0.282095,-0.00669527,0
0.1,0,0,0.84823,0.300303,0.282095,-0.00669527,0
0.1,0,0,0.879646,0.299602,0.282095,-0.00669527,0
0.1,0,0,0.911062,0.298885,0.282095,-0.00669527,0
0.1,0,0,0.942478,0.29815,0.282095,-0.00669527,0
0.1,0,0,0.973894,0.297401,0.282095,-0.00669527,0
0.1,0,0,1.00531,0.296636,0.282095,-0.00669527,0
0.1,0,0,1.03673,0.295857,0.282095,-0.00669527,0
0.1,0,0,1.06814,0.295065,0.282095,-0.00669527,0
0.1,0,0,1.09956,0.294261,0.282095,-0.00669527,0
0.1,0,0,1.13097,0.293445,0.282095,-0.00669527,0
0.1,0,0,1.16239,0.292618,0.282095,-0.00669527,0
0.1,0,0,1.19381,0.291782,0.282095,-0.00669527,0
0.1,0,0,1.22522,0.290937,0.282095,-0.00669527,0
0.1,0,0,1.25664,0.290085,0.282095,-0.00669527,0
0.1,0,0,1.28805,0.289225,0.282095,-0.00669527,0
0.1,0,0,1.31947,0.288359,0.282095,-0.00669527,0
0.1,0,0,1.35088,0.287487,0.282095,-0.00669527,0
0.1,0,0,1.3823,0.286612,0.282095,-0.00669527,0
0.1,0,0,1.41372,0.285733,0.282095,-0.00669527,0
0.1,0,0,1.44513,0.284851,0.282095,-0.00669527,0
0.1,0,0,1.47655,0.283967,0.282095,-0.00669527,0
0.1,0,0,1.50796,0.283083,0.282095,-0.00669527,0
0.1,0,0,1.53938,0.282199,0.282095,-0.00669527,0
0.1,0,0,1.5708,0.281316,0.282095,-0.00669527,0
0.1,0,0,1.60221,0.280435,0.282095,-0.00669527,0
0.1,0,0,1.63363,0.279556,0.282095,-0.00669527,0
0.1,0,0,1.66504,0.278681,0.282095,-0.00669527,0
0.1,0,0,1.69646,0.277811,0.282095,-0.00669527,0
0.1,0,0,1.72788,0.276945,0.282095,-0.00669527,0
0.1,0,0,1.75929,0.276086,0.282095,-0.00669527,0
0.1,0,0,1.79071,0.275234,0.282095,-0.00669527,0
0.1,0,0,1.82212,0.274389,0.282095,-0.00669527,0
0.1,0,0,1.85354,0.273553,0.282095,-0.00669527,0
0.1,0,0,1.88496,0.272726,0.282095,-0.00669527,0
0.1,0,0,1.91637,0.271909,0.282095,-0.00669527,0
0.1,0,0,1.94779,0.271103,0.282095,-0.00669527,0
0.1,0,0,1.9792,0.270309,0.282095,-0.00669527,0
0.1,0,0,2.01062,0.269526,0.282095,-0.00669527,0
0.1,0,0,2.04204,0.268757,0.282095,-0.00669527,0
0.1,0,0,2.07345,0.268001,0.282095,-0.00669527,0
0.1,0,0,2.10487,0.26726,0.282095,-0.00669527,0
0.1,0,0,2.13628,0.266534,0.282095,-0.00669527,0
0.1,0,0,2.1677,0.265823,0.282095,-0.00669527,0
0.1,0,0,2.19911,0.265128,0.282095,-0.00669527,0
0.1,0,0,2.23053,0.26445,0.282095,-0.00669527,0
0.1,0,0,2.26195,0.26379,0.282095,-0.00669527,0
0.1,0,0,2.29336,0.263148,0.282095,-0.00669527,0
0.1,0,0,2.32478,0.262524,0.282095,-0.00669527,0
0.1,0,0,2.35619,0.261919,0.282095,-0.00669527,0
0.1,0,0,2.38761,0.261334,0.282095,-0.00669527,0
0.1,0,0,2.41903,0.260769,0.282095,-0.00669527,0
0.1,0,0,2.45044,0.260225,0.282095,-0.00669527,0
0.1,0,0,2.48186,0.259701,0.282095,-0.00669527,0
0.1,0,0,2.51327,0.259199,0.282095,-0.00669527,0
0.1,0,0,2.54469,0.258719,0.282095,-0.00669527,0
0.1,0,0,2.57611,0.258261,0.282095,-0.00669527,0
0.1,0,0,2.60752,0.257825,0.282095,-0.00669527,0
0.1,0,0,2.63894,0.257413,0.282095,-0.00669527,0
0.1,0,0,2.67035,0.257024,0.282095,-0.00669527,0
0.1,0,0,2.70177,0.256658,0.282095,-0.00669527,0
0.1,0,0,2.73319,0.256317,0.282095,-0.00669527,0
0.1,0,0,2.7646,0.256,0.282095,-0.00669527,0
0.1,0,0,2.79602,0.255707,0.282095,-0.00669527,0
0.1,0,0,2.82743,0.255439,0.282095,-0.00669527,0
0.1,0,0,2.85885,0.255195,0.282095,-0.00669527,0
0.1,0,0,2.89027,0.254977,0.282095,-0.00669527,0
0.1,0,0,2.92168,0.254784,0.282095,-0.00669527,0
0.1,0,0,2.9531,0.254617,0.282095,-0.00669527,0
0.1,0,0,2.98451,0.254475,0.282095,-0.00669527,0
0.1,0,0,3.01593,0.254358,0.282095,-0.00669527,0
0.1,0,0,3.04734,0.254268,0.282095,-0.00669527,0
0.1,0,0,3.07876,0.254203,0.282095,-0.00669527,0
0.1,0,0,3.11018,0.254164,0.282095,-0.00669527,0
0.1,0,0,3.14159,0.254151,0.282095,-0.00669527,0
0.1,0,1,0,0.48788,0.488603,1.00133,1
0.1,0,1,0.0314159,0.487615,0.488361,1.00133,1
0.1,0,1,0.0628319,0.48682,0.487638,1.00133,1
0.1,0,1,0.0942478,0.485495,0.486434,1.00133,1
0.1,0,1,0.125664,0.483643,0.48475,1.00133,1
0.1,0,1,0.15708,0.481265,0.482587,1.00133,1
0.1,0,1,0.188496,0.478365,0.479948,1.00133,1
0.1,0,1,0.219911,0.474947,0.476835,1.00133,1
0.1,0,1,0.251327,0.471015,0.473252,1.00133,1
0.1,0,1,0.282743,0.466573,0.469202,1.00133,1
0.1,0,1,0.314159,0.461628,0.464689,1.00133,1
0.1,0,1,0.345575,0.456186,0.459717,1.00133,1
0.1,0,1,0.376991,0.450253,0.454291,1.00133,1
0.1,0,1,0.408407,0.443837,0.448417,1.00133,1
0.1,0,1,0.439823,0.436946,0.442101,1.00133,1
0.1,0,1,0.471239,0.429588,0.435348,1.00133,1
0.1,0,1,0.502655,0.421773,0.428166,1.00133,1
0.1,0,1,0.534071,0.413511,0.420561,1.00133,1
0.1,0,1,0.565487,0.404811,0.412541,1.00133,1
0.1,0,1,0.596903,0.395684,0.404114,1.00133,1
0.1,0,1,0.628319,0.386142,0.395288,1.00133,1
0.1,0,1,0.659734,0.376195,0.386072,1.00133,1
0.1,0,1,0.69115,0.365857,0.376475,1.00133,1
0.1,0,1,0.722566,0.35514,0.366506,1.00133,1
0.1,0,1,0.753982,0.344056,0.356176,1.00133,1
0.1,0,1,0.785398,0.332619,0.345494,1.00133,1
0.1,0,1,0.816814,0.320842,0.334471,1.00133,1
0.1,0,1,0.84823,0.30874,0.323119,1.00133,1
0.1,0,1,0.879646,0.296326,0.311447,1.00133,1
0.1,0,1,0.911062,0.283616,0.299468,1.00133,1
0.1,0,1,0.942478,0.270624,0.287193,1.00133,1
0.1,0,1,0.973894,0.257364,0.274635,1.00133,1
0.1,0,1,1.00531,0.243853,0.261806,1.00133,1
0.1,0,1,1.03673,0.230106,0.248719,1.00133,1
0.1,0,1,1.06814,0.216137,0.235386,1.00133,1
0.1,0,1,1.09956,0.201964,0.221821,1.00133,1
0.1,0,1,1.13097,0.187602,0.208037,1.00133,1
0.1,0,1,1.16239,0.173067,0.194047,1.00133,1
0.1,0,1,1.19381,0.158374,0.179867,1.00133,1
0.1,0,1,1.22522,0.143541,0.165508,1.00133,1
0.1,0,1,1.25664,0.128582,0.150986,1.00133,1
0.1,0,1,1.28805,0.113514,0.136316,1.00133,1
0.1,0,1,1.31947,0.0983541,0.121511,1.00133,1
0.1,0,1,1.35088,0.0831171,0.106585,1.00133,1
0.1,0,1,1.3823,0.0678193,0.091555,1.00133,1
0.1,0,1,1.41372,0.0524766,0.0764343,1.00133,1
0.1,0,1,1.44513,0.037105,0.0612381,1.00133,1
0.1,0,1,1.47655,0.0217202,0.0459816,1.00133,1
0.1,0,1,1.50796,0.00633758,0.0306796,1.00133,1
0.1,0,1,1.53938,-0.00902722,0.0153474,1.00133,1
0.1,0,1,1.5708,-0.024359,2.99183e-17,1.00133,1
0.1,0,1,1.60221,-0.0396426,-0.0153474,1.00133,1
0.1,0,1,1.63363,-0.0548631,-0.0306796,1.00133,1
0.1,0,1,1.66504,-0.0700058,-0.0459816,1.00133,1
0.1,0,1,1.69646,-0.0850562,-0.0612381,1.00133,1
0.1,0,1,1.72788,-0.1,-0.0764343,1.00133,1
0.1,0,1,1.75929,-0.114823,-0.091555,1.00133,1
0.1,0,1,1.79071,-0.129512,-0.106585,1.00133,1
0.1,0,1,1.82212,-0.144053,-0.121511,1.00133,1
0.1,0,1,1.85354,-0.158433,-0.136316,1.00133,1
0.1,0,1,1.88496,-0.172638,-0.150986,1.00133,1
0.1,0,1,1.91637,-0.186657,-0.165508,1.00133,1
0.1,0,1,1.94779,-0.200477,-0.179867,1.00133,1
0.1,0,1,1.9792,-0.214085,-0.194047,1.00133,1
0.1,0,1,2.01062,-0.22747,-0.208037,1.00133,1
0.1,0,1,2.04204,-0.240621,-0.221821,1.00133,1
0.1,0,1,2.07345,-0.253525,-0.235386,1.00133,1
0.1,0,1,2.10487,-0.266174,-0.248719,1.00133,1
0.1,0,1,2.13628,-0.278555,-0.261806,1.00133,1
0.1,0,1,2.1677,-0.290658,-0.274635,1.00133,1
0.1,0,1,2.19911,-0.302475,-0.287193,1.00133,1
0.1,0,1,2.23053,-0.313995,-0.299468,1.00133,1
0.1,0,1,2.26195,-0.325208,-0.311447,1.00133,1
0.1,0,1,2.29336,-0.336107,-0.323119,1.00133,1
0.1,0,1,2.32478,-0.346683,-0.334471,1.00133,1
0.1,0,1,2.35619,-0.356927,-0.345494,1.00133,1
0.1,0,1,2.38761,-0.366831,-0.356176,1.00133,1
0.1,0,1,2.41903,-0.376388,-0.366506,1.00133,1
0.1,0,1,2.45044,-0.38559,-0.376475,1.00133,1
0.1,0,1,2.48186,-0.394432,-0.386072,1.00133,1
0.1,0,1,2.51327,-0.402905,-0.395288,1.00133,1
0.1,0,1,2.54469,-0.411004,-0.404114,1.00133,1
0.1,0,1,2.57611,-0.418723,-0.412541,1.00133,1
0.1,0,1,2.60752,-0.426057,-0.420561,1.00133,1
0.1,0,1,2.63894,-0.432999,-0.428166,1.00133,1
0.1,0,1,2.67035,-0.439545,-0.435348,1.00133,1
0.1,0,1,2.70177,-0.445691,-0.442101,1.00133,1
0.1,0,1,2.73319,-0.451432,-0.448417,1.00133,1
0.1,0,1,2.7646,-0.456763,-0.454291,1.00133,1
0.1,0,1,2.79602,-0.461682,-0.459717,1.00133,1
0.1,0,1,2.82743,-0.466184,-0.464689,1.00133,1
0.1,0,1,2.85885,-0.470267,-0.469202,1.00133,1
0.1,0,1,2.89027,-0.473927,-0.473252,1.00133,1
0.1,0,1,2.92168,-0.477163,-0.476835,1.00133,1
0.1,0,1,2.9531,-0.479972,-0.479948,1.00133,1
0.1,0,1,2.98451,-0.482352,-0.482587,1.00133,1
0.1,0,1,3.01593,-0.484302,-0.48475,1.00133,1
0.1,0,1,3.04734,-0.485819,-0.486434,1.00133,1
0.1,0,1,3.07876,-0.486904,-0.487638,1.00133,1
0.1,0,1,3.11018,-0.487555,-0.488361,1.00133,1
0.1,0,1,3.14159,-0.487772,-0.488603,1.00133,1
0.25,0,0,0,0.351963,0.282095,-0.0428903,0
0.25,0,0,0.0314159,0.351923,0.282095,-0.0428903,0
0.25,0,0,0.0628319,0.351804,0.282095,-0.0428903,0
0.25,0,0,0.0942478,0.351605,0.282095,-0.0428903,0
0.25,0,0,0.125664,0.351326,0.282095,-0.0428903,0
0.25,0,0,0.15708,0.35097,0.282095,-0.0428903,0
0.25,0,0,0.188496,0.350534,0.282095,-0.0428903,0
0.25,0,0,0.219911,0.350022,0.282095,-0.0428903,0
0.25,0,0,0.251327,0.349432,0.282095,-0.0428903,0
0.25,0,0,0.282743,0.348766,0.282095,-0.0428903,0
0.25,0,0,0.314159,0.348025,0.282095,-0.0428903,0
0.25,0,0,0.345575,0.347211,0.282095,-0.0428903,0
0.25,0,0,0.376991,0.346323,0.282095,-0.0428903,0
0.25,0,0,0.408407,0.345364,0.282095,-0.0428903,0
0.25,0,0,0.439823,0.344334,0.282095,-0.0428903,0
0.25,0,0,0.471239,0.343236,0.282095,-0.0428903,0
0.25,0,0,0.502655,0.342071,0.282095,-0.0428903,0
0.25,0,0,0.534071,0.34084,0.282095,-0.0428903,0
0.25,0,0,0.565487,0.339545,0.282095,-0.0428903,0
0.25,0,0,0.596903,0.338188,0.282095,-0.0428903,0
0.25,0,0,0.628319,0.336771,0.282095,-0.0428903,0
0.25,0,0,0.659734,0.335296,0.282095,-0.0428903,0
0.25,0,0,0.69115,0.333764,0.282095,-0.0428903,0
0.25,0,0,0.722566,0.332178,0.282095,-0.0428903,0
0.25,0,0,0.753982,0.330541,0.282095,-0.0428903,0
0.25,0,0,0.785398,0.328853,0.282095,-0.0428903,0
0.25,0,0,0.816814,0.327118,0.282095,-0.0428903,0
0.25,0,0,0.84823,0.325337,0.282095,-0.0428903,0
0.25,0,0,0.879646,0.323513,0.282095,-0.0428903,0
0.25,0,0,0.911062,0.321649,0.282095,-0.0428903,0
0.25,0,0,0.942478,0.319746,0.282095,-0.0428903,0
0.25,0,0,0.973894,0.317807,0.282095,-0.0428903,0
0.25,0,0,1.00531,0.315835,0.282095,-0.0428903,0
0.25,0,0,1.03673,0.313832,0.282095,-0.0428903,0
0.25,0,0,1.06814,0.3118,0.282095,-0.0428903,0
0.25,0,0,1.09956,0.309741,0.282095,-0.0428903,0
0.25,0,0,1.13097,0.30766,0.282095,-0.0428903,0
0.25,0,0,1.16239,0.305557,0.282095,-0.0428903,0
0.25,0,0,1.19381,0.303435,0.282095,-0.0428903,0
0.25,0,0,1.22522,0.301297,0.282095,-0.0428903,0
0.25,0,0,1.25664,0.299145,0.282095,-0.0428903,0
0.25,0,0,1.28805,0.296981,0.282095,-0.0428903,0
0.25,0,0,1.31947,0.294808,0.282095,-0.0428903,0
0.25,0,0,1.35088,0.292629,0.282095,-0.0428903,0
0.25,0,0,1.3823,0.290445,0.282095,-0.0428903,0
0.25,0,0,1.41372,0.28826,0.282095,-0.0428903,0
0.25,0,0,1.44513,0.286075,0.282095,-0.0428903,0
0.25,0,0,1.47655,0.283892,0.282095,-0.0428903,0
0.25,0,0,1.50796,0.281714,0.282095,-0.0428903,0
0.25,0,0,1.53938,0.279543,0.282095,-0.0428903,0
0.25,0,0,1.5708,0.277381,0.282095,-0.0428903,0
0.25,0,0,1.60221,0.27523,0.282095,-0.0428903,0
0.25,0,0,1.63363,0.273093,0.282095,-0.0428903,0
0.25,0,0,1.66504,0.270971,0.282095,-0.0428903,0
0.25,0,0,1.69646,0.268866,0.282095,-0.0428903,0
0.25,0,0,1.72788,0.266781,0.282095,-0.0428903,0
0.25,0,0,1.75929,0.264716,0.282095,-0.0428903,0
0.25,0,0,1.79071,0.262675,0.282095,-0.0428903,0
0.25,0,0,1.82212,0.260658,0.282095,-0.0428903,0
0.25,0,0,1.85354,0.258667,0.282095,-0.0428903,0
0.25,0,0,1.88496,0.256705,0.282095,-0.0428903,0
0.25,0,0,1.91637,0.254772,0.282095,-0.0428903,0
0.25,0,0,1.94779,0.252871,0.282095,-0.0428903,0
0.25,0,0,1.9792,0.251002,0.282095,-0.0428903,0
0.25,0,0,2.01062,0.249167,0.282095,-0.0428903,0
0.25,0,0,2.04204,0.247368,0.282095,-0.0428903,0
0.25,0,0,2.07345,0.245606,0.282095,-0.0428903,0
0.25,0,0,2.10487,0.243882,0.282095,-0.0428903,0
0.25,0,0,2.13628,0.242197,0.282095,-0.0428903,0
0.25,0,0,2.1677,0.240554,0.282095,-0.0428903,0
0.25,0,0,2.19911,0.238952,0.282095,-0.0428903,0
0.25,0,0,2.23053,0.237393,0.282095,-0.0428903,0
0.25,0,0,2.26195,0.235877,0.282095,-0.0428903,0
0.25,0,0,2.29336,0.234407,0.282095,-0.0428903,0
0.25,0,0,2.32478,0.232983,0.282095,-0.0428903,0
0.25,0,0,2.35619,0.231606,0.282095,-0.0428903,0
0.25,0,0,2.38761,0.230276,0.282095,-0.0428903,0
0.25,0,0,2.41903,0.228994,0.282095,-0.0428903,0
0.25,0,0,2.45044,0.227762,0.282095,-0.0428903,0
0.25,0,0,2.48186,0.22658,0.282095,-0.0428903,0
0.25,0,0,2.51327,0.225449,0.282095,-0.0428903,0
0.25,0,0,2.54469,0.224369,0.282095,-0.0428903,0
0.25,0,0,2.57611,0.223341,0.282095,-0.0428903,0
0.25,0,0,2.60752,0.222365,0.282095,-0.0428903,0
0.25,0,0,2.63894,0.221442,0.282095,-0.0428903,0
0.25,0,0,2.67035,0.220573,0.282095,-0.0428903,0
0.25,0,0,2.70177,0.219758,0.282095,-0.0428903,0
0.25,0,0,2.73319,0.218998,0.282095,-0.0428903,0
0.25,0,0,2.7646,0.218292,0.282095,-0.0428903,0
0.25,0,0,2.79602,0.217641,0.282095,-0.0428903,0
0.25,0,0,2.82743,0.217046,0.282095,-0.0428903,0
0.25,0,0,2.85885,0.216506,0.282095,-0.0428903,0
0.25,0,0,2.89027,0.216023,0.282095,-0.0428903,0
0.25,0,0,2.92168,0.215596,0.282095,-0.0428903,0
0.25,0,0,2.9531,0.215226,0.282095,-0.0428903,0
0.25,0,0,2.98451,0.214912,0.282095,-0.0428903,0
0.25,0,0,3.01593,0.214655,0.282095,-0.0428903,0
0.25,0,0,3.04734,0.214455,0.282095,-0.0428903,0
0.25,0,0,3.07876,0.214312,0.282095,-0.0428903,0
0.25,0,0,3.11018,0.214226,0.282095,-0.0428903,0
0.25,0,0,3.14159,0.214198,0.282095,-0.0428903,0
0.25,0,1,0,0.484744,0.488603,1.0081,1
0.25,0,1,0.0314159,0.484442,0.488361,1.0081,1
0.25,0,1,0.0628319,0.483537,0.487638,1.0081,1
0.25,0,1,0.0942478,0.48203,0.486434,1.0081,1
0.25,0,1,0.125664,0.479924,0.48475,1.0081,1
0.25,0,1,0.15708,0.477222,0.482587,1.0081,1
0.25,0,1,0.188496,0.473929,0.479948,1.0081,1
0.25,0,1,0.219911,0.47005,0.476835,1.0081,1
0.25,0,1,0.251327,0.465592,0.473252,1.0081,1
0.25,0,1,0.282743,0.460561,0.469202,1.0081,1
0.25,0,1,0.314159,0.454967,0.464689,1.0081,1
0.25,0,1,0.345575,0.448818,0.459717,1.0081,1
0.25,0,1,0.376991,0.442125,0.454291,1.0081,1
0.25,0,1,0.408407,0.434898,0.448417,1.0081,1
0.25,0,1,0.439823,0.427149,0.442101,1.0081,1
0.25,0,1,0.471239,0.41889,0.435348,1.0081,1
0.25,0,1,0.502655,0.410135,0.428166,1.0081,1
0.25,0,1,0.534071,0.400897,0.420561,1.0081,1
0.25,0,1,0.565487,0.391192,0.412541,1.0081,1
0.25,0,1,0.596903,0.381033,0.404114,1.0081,1
0.25,0,1,0.628319,0.370438,0.395288,1.0081,1
0.25,0,1,0.659734,0.359422,0.386072,1.0081,1
0.25,0,1,0.69115,0.348003,0.376475,1.0081,1
0.25,0,1,0.722566,0.336196,0.366506,1.0081,1
0.25,0,1,0.753982,0.324022,0.356176,1.0081,1
0.25,0,1,0.785398,0.311496,0.345494,1.0081,1
0.25,0,1,0.816814,0.298638,0.334471,1.0081,1
0.25,0,1,0.84823,0.285467,0.323119,1.0081,1
0.25,0,1,0.879646,0.272001,0.311447,1.0081,1
0.25,0,1,0.911062,0.25826,0.299468,1.0081,1
0.25,0,1,0.942478,0.244263,0.287193,1.0081,1
0.25,0,1,0.973894,0.230029,0.274635,1.0081,1
0.25,0,1,1.00531,0.215578,0.261806,1.0081,1
0.25,0,1,1.03673,0.20093,0.248719,1.0081,1
0.25,0,1,1.06814,0.186103,0.235386,1.0081,1
0.25,0,1,1.09956,0.171118,0.221821,1.0081,1
0.25,0,1,1.13097,0.155994,0.208037,1.0081,1
0.25,0,1,1.16239,0.14075,0.194047,1.0081,1
0.25,0,1,1.19381,0.125404,0.179867,1.0081,1
0.25,0,1,1.22522,0.109977,0.165508,1.0081,1
0.25,0,1,1.25664,0.0944871,0.150986,1.0081,1
0.25,0,1,1.28805,0.0789519,0.136316,1.0081,1
0.25,0,1,1.31947,0.0633901,0.121511,1.0081,1
0.25,0,1,1.35088,0.0478194,0.106585,1.0081,1
0.25,0,1,1.3823,0.0322573,0.091555,1.0081,1
0.25,0,1,1.41372,0.0167209,0.0764343,1.0081,1
0.25,0,1,1.44513,0.00122704,0.0612381,1.0081,1
0.25,0,1,1.47655,-0.014208,0.0459816,1.0081,1
0.25,0,1,1.50796,-0.0295683,0.0306796,1.0081,1
0.25,0,1,1.53938,-0.0448384,0.0153474,1.0081,1
0.25,0,1,1.5708,-0.0600032,2.99183e-17,1.0081,1
0.25,0,1,1.60221,-0.0750482,-0.0153474,1.0081,1
0.25,0,1,1.63363,-0.0899592,-0.0306796,1.0081,1
0.25,0,1,1.66504,-0.104723,-0.0459816,1.0081,1
0.25,0,1,1.69646,-0.119325,-0.0612381,1.0081,1
0.25,0,1,1.72788,-0.133755,-0.0764343,1.0081,1
0.25,0,1,1.75929,-0.147999,-0.091555,1.0081,1
0.25,0,1,1.79071,-0.162045,-0.106585,1.0081,1
0.25,0,1,1.82212,-0.175883,-0.121511,1.0081,1
0.25,0,1,1.85354,-0.189503,-0.136316,1.0081,1
0.25,0,1,1.88496,-0.202893,-0.150986,1.0081,1
0.25,0,1,1.91637,-0.216044,-0.165508,1.0081,1
0.25,0,1,1.94779,-0.228947,-0.179867,1.0081,1
0.25,0,1,1.9792,-0.241593,-0.194047,1.0081,1
0.25,0,1,2.01062,-0.253974,-0.208037,1.0081,1
0.25,0,1,2.04204,-0.266082,-0.221821,1.0081,1
0.25,0,1,2.07345,-0.277909,-0.235386,1.0081,1
0.25,0,1,2.10487,-0.289449,-0.248719,1.0081,1
0.25,0,1,2.13628,-0.300696,-0.261806,1.0081,1
0.25,0,1,2.1677,-0.311642,-0.274635,1.0081,1
0.25,0,1,2.19911,-0.322283,-0.287193,1.0081,1
0.25,0,1,2.23053,-0.332612,-0.299468,1.0081,1
0.25,0,1,2.26195,-0.342626,-0.311447,1.0081,1
0.25,0,1,2.29336,-0.352319,-0.323119,1.0081,1
0.25,0,1,2.32478,-0.361687,-0.334471,1.0081,1
0.25,0,1,2.35619,-0.370726,-0.345494,1.0081,1
0.25,0,1,2.38761,-0.379432,-0.356176,1.0081,1
0.25,0,1,2.41903,-0.387803,-0.366506,1.0081,1
0.25,0,1,2.45044,-0.395834,-0.376475,1.0081,1
0.25,0,1,2.48186,-0.403524,-0.386072,1.0081,1
0.25,0,1,2.51327,-0.41087,-0.395288,1.0081,1
0.25,0,1,2.54469,-0.417868,-0.404114,1.0081,1
0.25,0,1,2.57611,-0.424518,-0.412541,1.0081,1
0.25,0,1,2.60752,-0.430817,-0.420561,1.0081,1
0.25,0,1,2.63894,-0.436764,-0.428166,1.0081,1
0.25,0,1,2.67035,-0.442356,-0.435348,1.0081,1
0.25,0,1,2.70177,-0.447594,-0.442101,1.0081,1
0.25,0,1,2.73319,-0.452474,-0.448417,1.0081,1
0.25,0,1,2.7646,-0.456997,-0.454291,1.0081,1
0.25,0,1,2.79602,-0.461161,-0.459717,1.0081,1
0.25,0,1,2.82743,-0.464965,-0.464689,1.0081,1
0.25,0,1,2.85885,-0.468409,-0.469202,1.0081,1
0.25,0,1,2.89027,-0.471493,-0.473252,1.0081,1
0.25,0,1,2.92168,-0.474214,-0.476835,1.0081,1
0.25,0,1,2.9531,-0.476574,-0.479948,1.0081,1
0.25,0,1,2.98451,-0.478571,-0.482587,1.0081,1
0.25,0,1,3.01593,-0.480206,-0.48475,1.0081,1
0.25,0,1,3.04734,-0.481477,-0.486434,1.0081,1
0.25,0,1,3.07876,-0.482386,-0.487638,1.0081,1
0.25,0,1,3.11018,-0.482931,-0.488361,1.0081,1
0.25,0,1,3.14159,-0.483112,-0.488603,1.0081,1
